Image,score,Prompt,metadata
1.jpg,100, an extremely beautiful Asian girl,
2.jpg,100, an extremely beautiful Asian girl,
3.jpg,100, an extremely beautiful Asian girl,
4.jpg,100, an extremely beautiful Asian girl,
5.jpg,100, an extremely beautiful Asian girl,
6.jpg,100, an extremely beautiful Asian girl,
7.jpg,100, an extremely beautiful Asian girl,
8.jpg,100, an extremely beautiful Asian girl,
9.jpg,100, an extremely beautiful Asian girl,
10.jpg,100, an extremely beautiful Asian girl,
11.jpg,100, an extremely beautiful Asian girl,
12.jpg,100, an extremely beautiful Asian girl,
13.jpg,100, an extremely beautiful Asian girl,
14.jpg,100, an extremely beautiful Asian girl,
15.jpg,100, an extremely beautiful Asian girl,
16.jpg,100, an extremely beautiful Asian girl,
17.jpg,100, an extremely beautiful Asian girl,
18.jpg,100, an extremely beautiful Asian girl,
19.jpg,100, an extremely beautiful Asian girl,
20.jpg,100, an extremely beautiful Asian girl,
21.jpg,100, an extremely beautiful Asian girl,
22.jpg,100, an extremely beautiful Asian girl,
23.jpg,100, an extremely beautiful Asian girl,
24.jpg,100, an extremely beautiful Asian girl,
25.jpg,100, an extremely beautiful Asian girl,
26.jpg,100, an extremely beautiful Asian girl,
27.jpg,100, an extremely beautiful Asian girl,
28.jpg,100, an extremely beautiful Asian girl,
29.jpg,100, an extremely beautiful Asian girl,
30.jpg,100, an extremely beautiful Asian girl,
31.jpg,100, an extremely beautiful Asian girl,
32.jpg,100, an extremely beautiful Asian girl,
33.jpg,100, an extremely beautiful Asian girl,
34.jpg,100, an extremely beautiful Asian girl,
35.jpg,100, an extremely beautiful Asian girl,
36.jpg,100, an extremely beautiful Asian girl,
37.jpg,100, an extremely beautiful Asian girl,
38.jpg,100, an extremely beautiful Asian girl,
39.jpg,100, an extremely beautiful Asian girl,
40.jpg,100, an extremely beautiful Asian girl,
41.jpg,100, an extremely beautiful Asian girl,
42.jpg,100, an extremely beautiful Asian girl,
43.jpg,100, an extremely beautiful Asian girl,
44.jpg,100, an extremely beautiful Asian girl,
45.jpg,100, an extremely beautiful Asian girl,
46.jpg,100, an extremely beautiful Asian girl,
47.jpg,100, an extremely beautiful Asian girl,
48.jpg,100, an extremely beautiful Asian girl,
49.jpg,100, an extremely beautiful Asian girl,
50.jpg,100, an extremely beautiful Asian girl,
51.jpg,100, an extremely beautiful Asian girl,
52.jpg,100, an extremely beautiful Asian girl,
53.jpg,100, an extremely beautiful Asian girl,
